Feature,Coefficient
Age,-0.5827964354202266
InterestRate,0.4590274983932133
MonthsEmployed,-0.3385974068768549
Income,-0.33318042689764976
LoanAmount,0.3253220853850958
EmploymentType_Unemployed,0.19024833526895985
HasCoSigner_Yes,-0.12959611025117973
HasDependents_Yes,-0.12618808849113974
CreditScore,-0.1246020026701234
EmploymentType_Part-time,0.11666047057460656
EmploymentType_Self-employed,0.10758183058049867
NumCreditLines,0.10251599447260971
MaritalStatus_Married,-0.0940817397263477
Education,-0.08227193883052533
HasMortgage_Yes,-0.08207362578270402
Income_Loan_Ratio,0.07755780692072158
LoanPurpose_Home,-0.07411916639139553
DTIRatio,0.055886054681864146
LoanPurpose_Business,0.025263184591672656
MaritalStatus_Single,-0.024526402507805
High_DTI_True,0.015735360903723832
LoanPurpose_Education,-0.004342856368674877
LoanPurpose_Other,-0.0036691122776068307
Stable_Employment_True,0.0023838279676888733
LoanTerm,0.0008412943934234606
